facility_id,osm_id,facility_name,facility_broad_type,facility_category,explicitly_evidenced_emergency_capability,potential_emergency_receiving_facility,classification_trigger,amenity_tag,healthcare_tag,building_tag,office_tag,source_provider,acquisition_date,latitude_wgs84,longitude_wgs84,easting_utm44n,northing_utm44n
FAC-RDP-001,way/1273532065,Office of Pradhan,CIVIC_ADMINISTRATIVE,CIVIC_COMMUNITY_CENTRE,False,False,TAG_OR_NAME_COMMUNITY_CENTRE,townhall,,yes,,OpenStreetMap Contributors,2026-08-30,30.227205,79.346361,340863.88,3345118.28
FAC-RDP-002,way/1360652671,ZILA PANCHAYAT CHAMOLI,CIVIC_ADMINISTRATIVE,CIVIC_COMMUNITY_CENTRE,False,False,TAG_OR_NAME_COMMUNITY_CENTRE,,,yes,government,OpenStreetMap Contributors,2026-08-30,30.409462,79.318092,338442.58,3365358.96
FAC-RDP-003,node/12866264643,Aawas Vikas Parishad Ground,CIVIC_ADMINISTRATIVE,CIVIC_GOVERNMENT_OFFICE,False,False,TAG_OR_NAME_GOVERNMENT_OFFICE,,,,government,OpenStreetMap Contributors,2026-08-30,30.220348,78.772819,285642.89,3345299.78
FAC-RDP-004,node/12596432126,BSNL OFFICE,CIVIC_ADMINISTRATIVE,CIVIC_GOVERNMENT_OFFICE,False,False,TAG_OR_NAME_GOVERNMENT_OFFICE,,,,government,OpenStreetMap Contributors,2026-08-30,30.410744,79.320386,338665.07,3365497.81
FAC-RDP-005,node/12866262871,BSNL Office,CIVIC_ADMINISTRATIVE,CIVIC_GOVERNMENT_OFFICE,False,False,TAG_OR_NAME_GOVERNMENT_OFFICE,,,,government,OpenStreetMap Contributors,2026-08-30,30.222616,78.775374,285893.73,3345546.31
FAC-RDP-006,node/12866262864,Forest Department,CIVIC_ADMINISTRATIVE,CIVIC_GOVERNMENT_OFFICE,False,False,TAG_OR_NAME_GOVERNMENT_OFFICE,,,,government,OpenStreetMap Contributors,2026-08-30,30.216245,78.769492,285313.6,3344851.18
FAC-RDP-007,node/12866262844,Horticulture,CIVIC_ADMINISTRATIVE,CIVIC_GOVERNMENT_OFFICE,False,False,TAG_OR_NAME_GOVERNMENT_OFFICE,,,,government,OpenStreetMap Contributors,2026-08-30,30.226522,78.785977,286922.86,3345959.46
FAC-RDP-008,node/12866262857,Income Tax Office,CIVIC_ADMINISTRATIVE,CIVIC_GOVERNMENT_OFFICE,False,False,TAG_OR_NAME_GOVERNMENT_OFFICE,,,,government,OpenStreetMap Contributors,2026-08-30,30.22091,78.791369,287429.83,3345327.27
FAC-RDP-009,node/12866262859,Indian Pist,CIVIC_ADMINISTRATIVE,CIVIC_GOVERNMENT_OFFICE,False,False,TAG_OR_NAME_GOVERNMENT_OFFICE,,,,government,OpenStreetMap Contributors,2026-08-30,30.221184,78.790378,287335.07,3345359.4
FAC-RDP-010,node/12866262867,NIT,CIVIC_ADMINISTRATIVE,CIVIC_GOVERNMENT_OFFICE,False,False,TAG_OR_NAME_GOVERNMENT_OFFICE,,,,government,OpenStreetMap Contributors,2026-08-30,30.218248,78.766854,285064.04,3345078.17
FAC-RDP-011,node/12866264644,NIT GROUND,CIVIC_ADMINISTRATIVE,CIVIC_GOVERNMENT_OFFICE,False,False,TAG_OR_NAME_GOVERNMENT_OFFICE,,,,government,OpenStreetMap Contributors,2026-08-30,30.220189,78.766996,285081.96,3345293.07
FAC-RDP-012,node/12866262875,Nagar Nigam Srinagar Garhwal,CIVIC_ADMINISTRATIVE,CIVIC_GOVERNMENT_OFFICE,False,False,TAG_OR_NAME_GOVERNMENT_OFFICE,,,,government,OpenStreetMap Contributors,2026-08-30,30.223269,78.786363,286953.08,3345598.06
FAC-RDP-013,node/12866262854,PTCUL,CIVIC_ADMINISTRATIVE,CIVIC_GOVERNMENT_OFFICE,False,False,TAG_OR_NAME_GOVERNMENT_OFFICE,,,,government,OpenStreetMap Contributors,2026-08-30,30.22506,78.785694,286892.52,3345797.93
FAC-RDP-014,node/12866262858,PTT,CIVIC_ADMINISTRATIVE,CIVIC_GOVERNMENT_OFFICE,False,False,TAG_OR_NAME_GOVERNMENT_OFFICE,,,,government,OpenStreetMap Contributors,2026-08-30,30.221204,78.790849,287380.42,3345360.8
FAC-RDP-015,node/12866262852,Pump House,CIVIC_ADMINISTRATIVE,CIVIC_GOVERNMENT_OFFICE,False,False,TAG_OR_NAME_GOVERNMENT_OFFICE,,,,government,OpenStreetMap Contributors,2026-08-30,30.21956,78.797568,288023.79,3345166.04
FAC-RDP-016,node/12866262862,Revenue Department,CIVIC_ADMINISTRATIVE,CIVIC_GOVERNMENT_OFFICE,False,False,TAG_OR_NAME_GOVERNMENT_OFFICE,,,,government,OpenStreetMap Contributors,2026-08-30,30.216092,78.769879,285350.53,3344833.48
FAC-RDP-017,node/12866262870,SSB,CIVIC_ADMINISTRATIVE,CIVIC_GOVERNMENT_OFFICE,False,False,TAG_OR_NAME_GOVERNMENT_OFFICE,,,,government,OpenStreetMap Contributors,2026-08-30,30.222181,78.771732,285542.16,3345504.97
FAC-RDP-018,node/12866262863,Sivil कोर्ट,CIVIC_ADMINISTRATIVE,CIVIC_GOVERNMENT_OFFICE,False,False,TAG_OR_NAME_GOVERNMENT_OFFICE,,,,government,OpenStreetMap Contributors,2026-08-30,30.215529,78.769106,285274.93,3344772.48
FAC-RDP-019,node/12596186633,UPCL,CIVIC_ADMINISTRATIVE,CIVIC_GOVERNMENT_OFFICE,False,False,TAG_OR_NAME_GOVERNMENT_OFFICE,,,,government,OpenStreetMap Contributors,2026-08-30,30.393544,79.319048,338508.2,3363593.26
FAC-RDP-020,node/12866262851,Unnamed Civic Government Office,CIVIC_ADMINISTRATIVE,CIVIC_GOVERNMENT_OFFICE,False,False,TAG_OR_NAME_GOVERNMENT_OFFICE,,,,government,OpenStreetMap Contributors,2026-08-30,30.219559,78.797562,288023.12,3345165.92
FAC-RDP-021,node/12866262843,Water Office,CIVIC_ADMINISTRATIVE,CIVIC_GOVERNMENT_OFFICE,False,False,TAG_OR_NAME_GOVERNMENT_OFFICE,,,,government,OpenStreetMap Contributors,2026-08-30,30.219819,78.79315,287598.95,3345203.0
FAC-RDP-022,node/12866262860,अधिशासी अभियंता,CIVIC_ADMINISTRATIVE,CIVIC_GOVERNMENT_OFFICE,False,False,TAG_OR_NAME_GOVERNMENT_OFFICE,,,,government,OpenStreetMap Contributors,2026-08-30,30.221079,78.791001,287394.83,3345346.63
FAC-RDP-023,node/12866262865,कार्यालय पुलिस उपाधीक्षक,CIVIC_ADMINISTRATIVE,CIVIC_GOVERNMENT_OFFICE,False,False,TAG_OR_NAME_GOVERNMENT_OFFICE,,,,government,OpenStreetMap Contributors,2026-08-30,30.218231,78.767829,285157.9,3345074.47
FAC-RDP-024,node/12866262876,महिला थाना,CIVIC_ADMINISTRATIVE,CIVIC_GOVERNMENT_OFFICE,False,False,TAG_OR_NAME_GOVERNMENT_OFFICE,,,,government,OpenStreetMap Contributors,2026-08-30,30.217778,78.767259,285101.99,3345025.37
FAC-RDP-025,node/6570124413,Indian Post,CIVIC_ADMINISTRATIVE,CIVIC_POST_OFFICE,False,False,TAG_OR_NAME_POST_OFFICE,post_office,,,,OpenStreetMap Contributors,2026-08-30,30.402517,79.330971,339668.46,3364570.87
FAC-RDP-026,node/14078687342,Student Health Centre,CIVIC_ADMINISTRATIVE,OTHER_CIVIC_FACILITY,False,False,OTHER_GENERIC_POI,,yes,,,OpenStreetMap Contributors,2026-08-30,30.220993,78.781662,286495.6,3345354.56
FAC-RDP-027,node/12487976297,Unnamed Other Civic Facility,CIVIC_ADMINISTRATIVE,OTHER_CIVIC_FACILITY,False,False,OTHER_GENERIC_POI,,,,,OpenStreetMap Contributors,2026-08-30,30.61193,78.78209,287386.53,3388691.48
FAC-RDP-028,node/12487989903,Unnamed Other Civic Facility,CIVIC_ADMINISTRATIVE,OTHER_CIVIC_FACILITY,False,False,OTHER_GENERIC_POI,,,,,OpenStreetMap Contributors,2026-08-30,30.61193,78.78209,287386.53,3388691.48
FAC-RDP-029,way/1149555512,AM Lab,EDUCATION,EDUCATION_HIGHER,False,False,TAG_COLLEGE,,,college,,OpenStreetMap Contributors,2026-08-30,30.221826,78.7708,285451.66,3345467.35
FAC-RDP-030,way/1149555513,Admin Block,EDUCATION,EDUCATION_HIGHER,False,False,TAG_COLLEGE,,,college,,OpenStreetMap Contributors,2026-08-30,30.221522,78.770416,285414.06,3345434.4
FAC-RDP-031,node/12866264638,Athletics Ground CHAURAS,EDUCATION,EDUCATION_HIGHER,False,False,TAG_COLLEGE,college,,,,OpenStreetMap Contributors,2026-08-30,30.222711,78.80376,288626.58,3345503.79
FAC-RDP-032,node/12866264637,CHAURAS GROUND,EDUCATION,EDUCATION_HIGHER,False,False,TAG_COLLEGE,college,,,,OpenStreetMap Contributors,2026-08-30,30.222403,78.804901,288735.73,3345467.54
FAC-RDP-033,way/1149555503,Canteen,EDUCATION,EDUCATION_HIGHER,False,False,TAG_COLLEGE,,,college,,OpenStreetMap Contributors,2026-08-30,30.222244,78.770805,285453.1,3345513.65
FAC-RDP-034,node/12866264639,Commerce Ground CHAURAS,EDUCATION,EDUCATION_HIGHER,False,False,TAG_COLLEGE,college,,,,OpenStreetMap Contributors,2026-08-30,30.223523,78.80259,288515.67,3345595.98
FAC-RDP-035,way/1150437631,Directorate of Technical Education,EDUCATION,EDUCATION_HIGHER,False,False,TAG_COLLEGE,,,college,,OpenStreetMap Contributors,2026-08-30,30.222082,78.771175,285488.39,3345495.1
FAC-RDP-036,way/1149555506,Fitting And Plumbing Shop,EDUCATION,EDUCATION_HIGHER,False,False,TAG_COLLEGE,,,college,,OpenStreetMap Contributors,2026-08-30,30.222511,78.770087,285384.58,3345544.68
FAC-RDP-037,way/1360684721,GOVERNMENT COLLEGE OF NURSING GOPESHWAR,EDUCATION,EDUCATION_HIGHER,False,False,HEURISTIC_NAME_COLLEGE,,,university,,OpenStreetMap Contributors,2026-08-30,30.398747,79.315164,338143.56,3364175.51
FAC-RDP-038,way/1149555489,"Government Polytechnic, Srinagar Garwal",EDUCATION,EDUCATION_HIGHER,False,False,TAG_COLLEGE,college,,,,OpenStreetMap Contributors,2026-08-30,30.221928,78.770326,285406.3,3345479.54
FAC-RDP-039,node/12866264642,HNGU BA GROUND BIRLA CAMPUS,EDUCATION,EDUCATION_HIGHER,False,False,TAG_COLLEGE,college,,,,OpenStreetMap Contributors,2026-08-30,30.221941,78.78359,286683.2,3345456.08
FAC-RDP-040,node/12866262874,ITI Sringar,EDUCATION,EDUCATION_HIGHER,False,False,HEURISTIC_NAME_COLLEGE,,,,government,OpenStreetMap Contributors,2026-08-30,30.222944,78.782411,286571.85,3345569.43
FAC-RDP-041,way/1149555505,Machine Shop,EDUCATION,EDUCATION_HIGHER,False,False,TAG_COLLEGE,,,college,,OpenStreetMap Contributors,2026-08-30,30.222564,78.769874,285364.12,3345550.9
FAC-RDP-042,way/1149555504,Mechanical Production Lab,EDUCATION,EDUCATION_HIGHER,False,False,TAG_COLLEGE,,,college,,OpenStreetMap Contributors,2026-08-30,30.222384,78.769653,285342.51,3345531.36
FAC-RDP-043,way/1149555499,NIT Adminstrative Block,EDUCATION,EDUCATION_HIGHER,False,False,TAG_COLLEGE,,,college,,OpenStreetMap Contributors,2026-08-30,30.222608,78.770692,285442.98,3345554.27
FAC-RDP-044,way/1149555502,NIT Auditorium,EDUCATION,EDUCATION_HIGHER,False,False,TAG_COLLEGE,,,college,,OpenStreetMap Contributors,2026-08-30,30.221603,78.771083,285478.48,3345442.12
FAC-RDP-045,way/1150437632,NIT Hostel 1,EDUCATION,EDUCATION_HIGHER,False,False,TAG_COLLEGE,,,college,,OpenStreetMap Contributors,2026-08-30,30.221771,78.771364,285505.83,3345460.23
FAC-RDP-046,way/1149555514,NIT Hostel 2,EDUCATION,EDUCATION_HIGHER,False,False,TAG_COLLEGE,,,college,,OpenStreetMap Contributors,2026-08-30,30.221539,78.769881,285362.62,3345437.28
FAC-RDP-047,way/1149555500,NIT Hostel 4,EDUCATION,EDUCATION_HIGHER,False,False,TAG_COLLEGE,,,college,,OpenStreetMap Contributors,2026-08-30,30.222919,78.770261,285402.21,3345589.56
FAC-RDP-048,way/1149555507,NIT Hostel 7,EDUCATION,EDUCATION_HIGHER,False,False,TAG_COLLEGE,,,college,,OpenStreetMap Contributors,2026-08-30,30.22288,78.77064,285438.6,3345584.55
FAC-RDP-049,way/1150437634,NIT Lecture Hall,EDUCATION,EDUCATION_HIGHER,False,False,TAG_COLLEGE,,,college,,OpenStreetMap Contributors,2026-08-30,30.222142,78.77051,285424.47,3345502.97
FAC-RDP-050,way/1149555501,NIT Library,EDUCATION,EDUCATION_HIGHER,False,False,TAG_COLLEGE,,,college,,OpenStreetMap Contributors,2026-08-30,30.222161,78.770967,285468.55,3345504.25
FAC-RDP-051,way/1149555508,NT Hostel 6,EDUCATION,EDUCATION_HIGHER,False,False,TAG_COLLEGE,,,college,,OpenStreetMap Contributors,2026-08-30,30.222671,78.770854,285458.69,3345560.99
FAC-RDP-052,way/1150437639,Principal Quarters,EDUCATION,EDUCATION_HIGHER,False,False,TAG_COLLEGE,,,college,,OpenStreetMap Contributors,2026-08-30,30.220907,78.769899,285362.96,3345367.18
FAC-RDP-053,way/1150437637,Sheet metals,EDUCATION,EDUCATION_HIGHER,False,False,TAG_COLLEGE,,,college,,OpenStreetMap Contributors,2026-08-30,30.222185,78.769626,285339.41,3345509.43
FAC-RDP-054,way/1150437633,Sports Office,EDUCATION,EDUCATION_HIGHER,False,False,TAG_COLLEGE,,,college,,OpenStreetMap Contributors,2026-08-30,30.221882,78.771284,285498.38,3345472.65
FAC-RDP-055,way/1149555509,Unnamed Education Higher,EDUCATION,EDUCATION_HIGHER,False,False,TAG_COLLEGE,,,college,,OpenStreetMap Contributors,2026-08-30,30.222279,78.771135,285484.98,3345516.92
FAC-RDP-056,way/1149555515,Unnamed Education Higher,EDUCATION,EDUCATION_HIGHER,False,False,TAG_COLLEGE,,,college,,OpenStreetMap Contributors,2026-08-30,30.221868,78.770239,285397.74,3345473.11
FAC-RDP-057,way/1149555521,Unnamed Education Higher,EDUCATION,EDUCATION_HIGHER,False,False,TAG_COLLEGE,,,college,,OpenStreetMap Contributors,2026-08-30,30.222029,78.770291,285403.17,3345490.8
FAC-RDP-058,way/1149555522,Unnamed Education Higher,EDUCATION,EDUCATION_HIGHER,False,False,TAG_COLLEGE,,,college,,OpenStreetMap Contributors,2026-08-30,30.221644,78.770109,285384.75,3345448.49
FAC-RDP-059,way/1150437635,Unnamed Education Higher,EDUCATION,EDUCATION_HIGHER,False,False,TAG_COLLEGE,,,college,,OpenStreetMap Contributors,2026-08-30,30.222285,78.770198,285394.73,3345519.35
FAC-RDP-060,way/1150437636,Unnamed Education Higher,EDUCATION,EDUCATION_HIGHER,False,False,TAG_COLLEGE,,,college,,OpenStreetMap Contributors,2026-08-30,30.222271,78.770334,285407.77,3345517.56
FAC-RDP-061,way/1150437638,Unnamed Education Higher,EDUCATION,EDUCATION_HIGHER,False,False,TAG_COLLEGE,,,college,,OpenStreetMap Contributors,2026-08-30,30.22204,78.769911,285366.54,3345492.74
FAC-RDP-062,way/1360685875,CHRIST ACADEMY GOPESHWAR,EDUCATION,EDUCATION_SCHOOL,False,False,TAG_SCHOOL,,,school,,OpenStreetMap Contributors,2026-08-30,30.397324,79.319477,338555.65,3364011.63
FAC-RDP-063,node/12866264640,GGIC SRINAGAR GROUND,EDUCATION,EDUCATION_SCHOOL,False,False,TAG_SCHOOL,school,,,,OpenStreetMap Contributors,2026-08-30,30.223863,78.79166,287464.25,3345653.99
FAC-RDP-064,node/12866264641,GIC SRINAGAR GROUND,EDUCATION,EDUCATION_SCHOOL,False,False,TAG_SCHOOL,school,,,,OpenStreetMap Contributors,2026-08-30,30.218843,78.795561,287829.01,3345090.27
FAC-RDP-065,way/1360704534,"GOVERNMENT INTER COLLEGE,ALKAPURI",EDUCATION,EDUCATION_SCHOOL,False,False,TAG_SCHOOL,,,school,,OpenStreetMap Contributors,2026-08-30,30.398352,79.325403,339126.69,3364117.09
FAC-RDP-066,way/543616030,Government Inter College Maujkhal,EDUCATION,EDUCATION_SCHOOL,False,False,HEURISTIC_NAME_SCHOOL,college,,,,OpenStreetMap Contributors,2026-08-30,30.186083,79.022104,309574.59,3341058.25
FAC-RDP-067,way/1354963526,"Government Inter College, Tyunkha",EDUCATION,EDUCATION_SCHOOL,False,False,TAG_SCHOOL,,,school,,OpenStreetMap Contributors,2026-08-30,30.375968,78.855655,293943.23,3362397.23
FAC-RDP-068,way/230356750,"Hanskotu village, school",EDUCATION,EDUCATION_SCHOOL,False,False,TAG_SCHOOL,school,,school,,OpenStreetMap Contributors,2026-08-30,30.109081,79.400551,345895.82,3331951.67
FAC-RDP-069,way/229463806,JNV Chamoli,EDUCATION,EDUCATION_SCHOOL,False,False,TAG_SCHOOL,school,,,,OpenStreetMap Contributors,2026-08-30,30.439795,79.430805,349317.31,3368565.41
FAC-RDP-070,node/6189905565,"Jawahar Navodaya Vidyalaya, Chamoli",EDUCATION,EDUCATION_SCHOOL,False,False,TAG_SCHOOL,school,,,,OpenStreetMap Contributors,2026-08-30,30.43995,79.430522,349290.38,3368583.01
FAC-RDP-071,way/1360647876,PEACE PUBLIC SCHOOL,EDUCATION,EDUCATION_SCHOOL,False,False,TAG_SCHOOL,,,school,,OpenStreetMap Contributors,2026-08-30,30.410649,79.318027,338438.28,3365490.57
FAC-RDP-072,way/817869357,Rains Primary School,EDUCATION,EDUCATION_SCHOOL,False,False,TAG_SCHOOL,school,,,,OpenStreetMap Contributors,2026-08-30,30.185596,79.366948,342779.2,3340477.88
FAC-RDP-073,way/1360664534,SHRI GURU RAM RAI PUBLIC SCHOOL,EDUCATION,EDUCATION_SCHOOL,False,False,TAG_SCHOOL,,,school,,OpenStreetMap Contributors,2026-08-30,30.409611,79.322317,338848.68,3365369.43
FAC-RDP-074,node/12049303606,Sacred Heart convent school,EDUCATION,EDUCATION_SCHOOL,False,False,TAG_SCHOOL,school,,,,OpenStreetMap Contributors,2026-08-30,30.301688,79.102014,317483.36,3353741.26
FAC-RDP-075,way/1543004735,"School of Arts, Communication and Languages (ACL)",EDUCATION,EDUCATION_SCHOOL,False,False,HEURISTIC_NAME_SCHOOL,,,university,,OpenStreetMap Contributors,2026-08-30,30.221643,78.782838,286610.15,3345424.46
FAC-RDP-076,way/1543004732,School of Humanities & Social Science,EDUCATION,EDUCATION_SCHOOL,False,False,HEURISTIC_NAME_SCHOOL,,,university,,OpenStreetMap Contributors,2026-08-30,30.222096,78.783844,286708.05,3345472.79
FAC-RDP-077,way/666346664,Unnamed Education School,EDUCATION,EDUCATION_SCHOOL,False,False,TAG_SCHOOL,school,,,,OpenStreetMap Contributors,2026-08-30,30.216973,79.305705,336933.99,3344041.7
FAC-RDP-078,way/936828570,Unnamed Education School,EDUCATION,EDUCATION_SCHOOL,False,False,TAG_SCHOOL,,,school,,OpenStreetMap Contributors,2026-08-30,30.185556,79.367891,342869.94,3340472.25
FAC-RDP-079,way/1273532084,Unnamed Education School,EDUCATION,EDUCATION_SCHOOL,False,False,TAG_SCHOOL,school,,,,OpenStreetMap Contributors,2026-08-30,30.177469,79.364974,342576.18,3339579.94
FAC-RDP-080,way/1280253824,Unnamed Education School,EDUCATION,EDUCATION_SCHOOL,False,False,TAG_SCHOOL,school,,,,OpenStreetMap Contributors,2026-08-30,30.390751,78.855996,294007.09,3364035.37
FAC-RDP-081,way/230580505,स्वच्छा विद्यालय - सुन्दर विद्यालय,EDUCATION,EDUCATION_SCHOOL,False,False,TAG_SCHOOL,school,,,,OpenStreetMap Contributors,2026-08-30,30.220606,79.282569,334713.08,3344477.8
FAC-RDP-082,way/880410874,"Birla Campus, HNBGU",EDUCATION,EDUCATION_UNIVERSITY,False,False,TAG_UNIVERSITY,university,,,,OpenStreetMap Contributors,2026-08-30,30.221337,78.782276,286555.45,3345391.57
FAC-RDP-083,way/1543004738,Central Library',EDUCATION,EDUCATION_UNIVERSITY,False,False,TAG_UNIVERSITY,,,university,,OpenStreetMap Contributors,2026-08-30,30.220648,78.781478,286477.14,3345316.68
FAC-RDP-084,way/1543004736,Dean Faculty,EDUCATION,EDUCATION_UNIVERSITY,False,False,TAG_UNIVERSITY,,,university,,OpenStreetMap Contributors,2026-08-30,30.22214,78.782767,286604.46,3345479.62
FAC-RDP-085,way/1543004734,Department of Physical Education,EDUCATION,EDUCATION_UNIVERSITY,False,False,TAG_UNIVERSITY,,,university,,OpenStreetMap Contributors,2026-08-30,30.221485,78.783216,286646.25,3345406.21
FAC-RDP-086,node/12866262845,DoG HNBGU,EDUCATION,EDUCATION_UNIVERSITY,False,False,HEURISTIC_NAME_UNIVERSITY,,,,government,OpenStreetMap Contributors,2026-08-30,30.227186,78.804663,288723.12,3345998.17
FAC-RDP-087,way/1543004733,Geography Department,EDUCATION,EDUCATION_UNIVERSITY,False,False,TAG_UNIVERSITY,,,university,,OpenStreetMap Contributors,2026-08-30,30.221579,78.783514,286675.15,3345416.12
FAC-RDP-088,way/880411798,HEMVATI NANDAN BAHUGUNA GARHWAL UNIVERSITY,EDUCATION,EDUCATION_UNIVERSITY,False,False,TAG_UNIVERSITY,university,,,,OpenStreetMap Contributors,2026-08-30,30.22445,78.802614,288520.02,3345698.68
FAC-RDP-089,node/12866262872,HNBGU (Administrative Office,EDUCATION,EDUCATION_UNIVERSITY,False,False,HEURISTIC_NAME_UNIVERSITY,,,,government,OpenStreetMap Contributors,2026-08-30,30.222516,78.782221,286552.66,3345522.42
FAC-RDP-090,node/12870820362,HNBGU CHAURAS GROUND,EDUCATION,EDUCATION_UNIVERSITY,False,False,TAG_UNIVERSITY,university,,,,OpenStreetMap Contributors,2026-08-30,30.222672,78.803572,288608.37,3345499.84
FAC-RDP-091,way/1135906157,NIT Uttarakhand (Office),EDUCATION,EDUCATION_UNIVERSITY,False,False,TAG_UNIVERSITY,university,,,,OpenStreetMap Contributors,2026-08-30,30.218469,78.766812,285060.43,3345102.8
FAC-RDP-092,way/1543004731,Old Arts Block,EDUCATION,EDUCATION_UNIVERSITY,False,False,TAG_UNIVERSITY,,,university,,OpenStreetMap Contributors,2026-08-30,30.22165,78.783918,286714.2,3345423.15
FAC-RDP-093,way/1547749462,Reading Room,EDUCATION,EDUCATION_UNIVERSITY,False,False,TAG_UNIVERSITY,,,university,,OpenStreetMap Contributors,2026-08-30,30.220608,78.781095,286440.11,3345313.02
FAC-RDP-094,way/1543004737,Student Activity Centre,EDUCATION,EDUCATION_UNIVERSITY,False,False,TAG_UNIVERSITY,,,university,,OpenStreetMap Contributors,2026-08-30,30.22108,78.781884,286517.14,3345363.81
FAC-RDP-095,way/1551933674,Swami Manmathan Hall,EDUCATION,EDUCATION_UNIVERSITY,False,False,TAG_UNIVERSITY,,,university,,OpenStreetMap Contributors,2026-08-30,30.226513,78.805532,288805.31,3345921.91
FAC-RDP-096,way/1547749460,Unnamed Education University,EDUCATION,EDUCATION_UNIVERSITY,False,False,TAG_UNIVERSITY,,,university,,OpenStreetMap Contributors,2026-08-30,30.222055,78.78329,286654.63,3345469.29
FAC-RDP-097,way/1547749461,Unnamed Education University,EDUCATION,EDUCATION_UNIVERSITY,False,False,TAG_UNIVERSITY,,,university,,OpenStreetMap Contributors,2026-08-30,30.222229,78.783196,286645.95,3345488.69
FAC-RDP-098,way/1547749473,Unnamed Education University,EDUCATION,EDUCATION_UNIVERSITY,False,False,TAG_UNIVERSITY,,,university,,OpenStreetMap Contributors,2026-08-30,30.221726,78.782277,286556.36,3345434.69
FAC-RDP-099,way/1547749474,Unnamed Education University,EDUCATION,EDUCATION_UNIVERSITY,False,False,TAG_UNIVERSITY,,,university,,OpenStreetMap Contributors,2026-08-30,30.221573,78.782005,286529.84,3345418.24
FAC-RDP-100,way/1547917511,Unnamed Education University,EDUCATION,EDUCATION_UNIVERSITY,False,False,TAG_UNIVERSITY,,,university,,OpenStreetMap Contributors,2026-08-30,30.221276,78.781765,286506.1,3345385.73
FAC-RDP-101,node/12049327970,Unnamed Emergency Fire Station,EMERGENCY,EMERGENCY_FIRE_STATION,True,False,TAG_OR_NAME_FIRE_STATION,fire_station,,,,OpenStreetMap Contributors,2026-08-30,30.300828,79.050638,312540.28,3353729.68
FAC-RDP-102,way/1360651631,POLICE STATION,EMERGENCY,EMERGENCY_POLICE,True,False,TAG_OR_NAME_POLICE,police,,yes,,OpenStreetMap Contributors,2026-08-30,30.409662,79.318502,338482.23,3365380.58
FAC-RDP-103,node/12866262866,Police Station Srinagar Garhwal,EMERGENCY,EMERGENCY_POLICE,True,False,TAG_OR_NAME_POLICE,,,,government,OpenStreetMap Contributors,2026-08-30,30.223994,78.790468,287349.75,3345670.81
FAC-RDP-104,node/10830489233,Rudraprayag Police Station,EMERGENCY,EMERGENCY_POLICE,True,False,TAG_OR_NAME_POLICE,police,,,,OpenStreetMap Contributors,2026-08-30,30.286362,78.980381,305754.16,3352244.32
FAC-RDP-105,node/7121752317,CHC Karanprayag,HEALTHCARE,HEALTHCARE_CHC,False,True,HEURISTIC_NAME_CHC,,centre,,,OpenStreetMap Contributors,2026-08-30,30.259922,79.215842,328358.57,3348934.35
FAC-RDP-106,node/7127949285,CHC Pokhari,HEALTHCARE,HEALTHCARE_CHC,False,True,HEURISTIC_NAME_CHC,,centre,,,OpenStreetMap Contributors,2026-08-30,30.344273,79.19743,326735.39,3358311.79
FAC-RDP-107,node/7127949294,"CHC, Jakholi",HEALTHCARE,HEALTHCARE_CHC,False,True,HEURISTIC_NAME_CHC,,centre,,,OpenStreetMap Contributors,2026-08-30,30.392156,78.895352,297792.02,3364120.17
FAC-RDP-108,node/8256584811,"Community Health Centre, Ratura",HEALTHCARE,HEALTHCARE_CHC,False,True,HEURISTIC_NAME_CHC,,centre,,,OpenStreetMap Contributors,2026-08-30,30.308112,79.03909,311443.49,3354556.2
FAC-RDP-109,node/7121752371,Kirtinagar CHC,HEALTHCARE,HEALTHCARE_CHC,False,True,HEURISTIC_NAME_CHC,,centre,,,OpenStreetMap Contributors,2026-08-30,30.216185,78.746673,283116.58,3344887.81
FAC-RDP-110,node/7121752362,Rikhnikhal CHC,HEALTHCARE,HEALTHCARE_CHC,False,True,HEURISTIC_NAME_CHC,,centre,,,OpenStreetMap Contributors,2026-08-30,30.146086,78.776889,285874.02,3337059.91
FAC-RDP-111,node/7479937299,Anandita Clinic,HEALTHCARE,HEALTHCARE_CLINIC,False,False,TAG_CLINIC_CENTRE,clinic,,,,OpenStreetMap Contributors,2026-08-30,30.259496,79.216316,328403.44,3348886.44
FAC-RDP-112,node/7121752337,Augustmuni,HEALTHCARE,HEALTHCARE_CLINIC,False,False,TAG_CLINIC_CENTRE,,centre,,,OpenStreetMap Contributors,2026-08-30,30.391371,79.022761,310034.01,3363812.41
FAC-RDP-113,node/7127949307,Chopra,HEALTHCARE,HEALTHCARE_CLINIC,False,False,TAG_CLINIC_CENTRE,,centre,,,OpenStreetMap Contributors,2026-08-30,30.160408,78.927002,300364.71,3338375.08
FAC-RDP-114,node/7479937325,D.R Memorial Ortho Physio Care,HEALTHCARE,HEALTHCARE_CLINIC,False,False,TAG_CLINIC_CENTRE,clinic,,,,OpenStreetMap Contributors,2026-08-30,30.255965,79.218545,328611.73,3348491.65
FAC-RDP-115,node/7486360411,Dr. Bahuguna Clinic,HEALTHCARE,HEALTHCARE_CLINIC,False,False,TAG_CLINIC_CENTRE,clinic,,,,OpenStreetMap Contributors,2026-08-30,30.147009,78.776284,285817.68,3337163.41
FAC-RDP-116,node/7479937212,Dr. Kathait Eye Care Centre,HEALTHCARE,HEALTHCARE_CLINIC,False,False,TAG_CLINIC_CENTRE,clinic,,,,OpenStreetMap Contributors,2026-08-30,30.409723,79.317381,338374.64,3365388.92
FAC-RDP-117,node/7486360392,Dr. Nautiyal's Clinic,HEALTHCARE,HEALTHCARE_CLINIC,False,False,TAG_CLINIC_CENTRE,clinic,,,,OpenStreetMap Contributors,2026-08-30,30.146978,78.77699,285885.67,3337158.59
FAC-RDP-118,node/7479937234,ECHS Poly Clinic,HEALTHCARE,HEALTHCARE_CLINIC,False,False,TAG_CLINIC_CENTRE,clinic,,,,OpenStreetMap Contributors,2026-08-30,30.289317,79.254211,332100.38,3352135.12
FAC-RDP-119,node/7479937306,ECHS PolyClinic,HEALTHCARE,HEALTHCARE_CLINIC,False,False,TAG_CLINIC_CENTRE,clinic,,,,OpenStreetMap Contributors,2026-08-30,30.283359,79.248736,331563.58,3351482.86
FAC-RDP-120,node/7479937259,Farswan Clinic,HEALTHCARE,HEALTHCARE_CLINIC,False,False,TAG_CLINIC_CENTRE,clinic,,,,OpenStreetMap Contributors,2026-08-30,30.258886,79.449727,350860.38,3348489.42
FAC-RDP-121,node/7479937309,Guru Kirpa Clinic,HEALTHCARE,HEALTHCARE_CLINIC,False,False,TAG_CLINIC_CENTRE,clinic,,,,OpenStreetMap Contributors,2026-08-30,30.407599,79.320231,338644.93,3365149.38
FAC-RDP-122,node/7148918833,"Health Sub Center ,Taluk Karanpryag",HEALTHCARE,HEALTHCARE_CLINIC,False,False,TAG_CLINIC_CENTRE,,centre,,,OpenStreetMap Contributors,2026-08-30,30.203124,79.197267,326471.52,3342667.08
FAC-RDP-123,node/7479937242,Navjyoti Eye Clinic,HEALTHCARE,HEALTHCARE_CLINIC,False,False,TAG_CLINIC_CENTRE,clinic,,,,OpenStreetMap Contributors,2026-08-30,30.409741,79.317032,338341.17,3365391.4
FAC-RDP-124,node/7121752325,Phata,HEALTHCARE,HEALTHCARE_CLINIC,False,False,TAG_CLINIC_CENTRE,,centre,,,OpenStreetMap Contributors,2026-08-30,30.577082,79.038783,311931.32,3384371.34
FAC-RDP-125,node/7479937285,Physio for Relief Physiotherapy Centre,HEALTHCARE,HEALTHCARE_CLINIC,False,False,TAG_CLINIC_CENTRE,clinic,,,,OpenStreetMap Contributors,2026-08-30,30.413114,79.316557,338301.06,3365765.88
FAC-RDP-126,node/7479937265,Semwal Clinic,HEALTHCARE,HEALTHCARE_CLINIC,False,False,TAG_CLINIC_CENTRE,clinic,,,,OpenStreetMap Contributors,2026-08-30,30.260216,79.217562,328524.5,3348964.31
FAC-RDP-127,node/7479937290,Shree Gopinath Health Care,HEALTHCARE,HEALTHCARE_CLINIC,False,False,TAG_CLINIC_CENTRE,clinic,,,,OpenStreetMap Contributors,2026-08-30,30.409423,79.317512,338386.79,3365355.41
FAC-RDP-128,node/7479937269,Tammanna Eye Care & Optical Centre,HEALTHCARE,HEALTHCARE_CLINIC,False,False,TAG_CLINIC_CENTRE,clinic,,,,OpenStreetMap Contributors,2026-08-30,30.409441,79.318032,338436.75,3365356.72
FAC-RDP-129,node/6956686357,Chaudhary Hospital,HEALTHCARE,HEALTHCARE_HOSPITAL,False,True,TAG_HOSPITAL,hospital,,,,OpenStreetMap Contributors,2026-08-30,30.220773,78.779013,286240.05,3345335.16
FAC-RDP-130,way/825078084,Combined Hospital Srinagar,HEALTHCARE,HEALTHCARE_HOSPITAL,False,True,TAG_HOSPITAL,hospital,hospital,,,OpenStreetMap Contributors,2026-08-30,30.222557,78.78491,286811.65,3345521.93
FAC-RDP-131,node/7127949348,DH Pauri,HEALTHCARE,HEALTHCARE_HOSPITAL,False,True,TAG_HOSPITAL,hospital,,,,OpenStreetMap Contributors,2026-08-30,30.150837,78.773694,285576.44,3337592.64
FAC-RDP-132,way/906330606,District Hospital Gopeshwar,HEALTHCARE,HEALTHCARE_HOSPITAL,False,True,TAG_HOSPITAL,hospital,hospital,,,OpenStreetMap Contributors,2026-08-30,30.40991,79.32002,338628.53,3365405.84
FAC-RDP-133,node/7127949339,District Hospital Rudraprayag,HEALTHCARE,HEALTHCARE_HOSPITAL,False,True,TAG_HOSPITAL,hospital,,,,OpenStreetMap Contributors,2026-08-30,30.286468,78.9815,305862.01,3352254.12
FAC-RDP-134,node/8256488869,"Government Hospital, Basukedar",HEALTHCARE,HEALTHCARE_HOSPITAL,False,True,TAG_HOSPITAL,hospital,,,,OpenStreetMap Contributors,2026-08-30,30.439219,79.05613,313331.74,3369060.65
FAC-RDP-135,node/8239172655,"Government Hospital, Chipalghat",HEALTHCARE,HEALTHCARE_HOSPITAL,False,True,TAG_HOSPITAL,hospital,,,,OpenStreetMap Contributors,2026-08-30,30.112183,78.924569,300033.12,3333033.78
FAC-RDP-136,node/8256486598,"Government Hospital, Jakhal Bhardar",HEALTHCARE,HEALTHCARE_HOSPITAL,False,True,TAG_HOSPITAL,hospital,,,,OpenStreetMap Contributors,2026-08-30,30.348748,78.927167,300761.38,3359252.0
FAC-RDP-137,node/7479937215,"Government Hospital, Karnaprayag",HEALTHCARE,HEALTHCARE_HOSPITAL,False,True,TAG_HOSPITAL,hospital,,,,OpenStreetMap Contributors,2026-08-30,30.260297,79.214993,328277.46,3348977.21
FAC-RDP-138,node/7127949280,"Government Hospital, Kherakhal",HEALTHCARE,HEALTHCARE_HOSPITAL,False,True,TAG_HOSPITAL,hospital,,,,OpenStreetMap Contributors,2026-08-30,30.217783,78.915824,299404.43,3344754.62
FAC-RDP-139,node/8256506176,"Government Hospital, Makku Math",HEALTHCARE,HEALTHCARE_HOSPITAL,False,True,TAG_HOSPITAL,hospital,,,,OpenStreetMap Contributors,2026-08-30,30.482066,79.136288,321108.99,3373680.32
FAC-RDP-140,node/8256476232,"Government Hospital, Pathalidhar",HEALTHCARE,HEALTHCARE_HOSPITAL,False,True,TAG_HOSPITAL,hospital,,,,OpenStreetMap Contributors,2026-08-30,30.411815,79.031914,310952.99,3366063.21
FAC-RDP-141,node/7479937238,"Governnment Hospital, Tuneda",HEALTHCARE,HEALTHCARE_HOSPITAL,False,True,TAG_HOSPITAL,hospital,,,,OpenStreetMap Contributors,2026-08-30,30.180985,79.372323,343289.42,3339959.53
FAC-RDP-142,way/1046331144,Hemwati Nandan Bahuguna Base Hospital Srinagar,HEALTHCARE,HEALTHCARE_HOSPITAL,False,True,TAG_HOSPITAL,hospital,hospital,,,OpenStreetMap Contributors,2026-08-30,30.223044,78.816607,289864.06,3345516.89
FAC-RDP-143,node/12866262873,Hospital,HEALTHCARE,HEALTHCARE_HOSPITAL,False,True,HEURISTIC_NAME_HOSPITAL,,,,government,OpenStreetMap Contributors,2026-08-30,30.222563,78.784453,286767.6,3345523.43
FAC-RDP-144,node/7479937264,ITBP Hospital,HEALTHCARE,HEALTHCARE_HOSPITAL,False,True,TAG_HOSPITAL,hospital,,,,OpenStreetMap Contributors,2026-08-30,30.287139,79.145176,321608.35,3352059.97
FAC-RDP-145,node/7486360455,"Jankalyan Hospital, Rudraprayag",HEALTHCARE,HEALTHCARE_HOSPITAL,False,True,TAG_HOSPITAL,hospital,,,,OpenStreetMap Contributors,2026-08-30,30.283531,78.98315,306014.95,3351925.73
FAC-RDP-146,way/226734202,Kedarnath Hospital,HEALTHCARE,HEALTHCARE_HOSPITAL,False,True,TAG_HOSPITAL,,,hospital,,OpenStreetMap Contributors,2026-08-30,30.73252,79.067211,314954.3,3401554.41
FAC-RDP-147,node/7127949346,Nandprayag Governnment Hospital,HEALTHCARE,HEALTHCARE_HOSPITAL,False,True,TAG_HOSPITAL,hospital,,,,OpenStreetMap Contributors,2026-08-30,30.331659,79.321027,338596.74,3356731.27
FAC-RDP-148,node/7479937216,Parkhal Hospital,HEALTHCARE,HEALTHCARE_HOSPITAL,False,True,TAG_HOSPITAL,hospital,,,,OpenStreetMap Contributors,2026-08-30,30.14074,79.401288,346016.02,3335459.51
FAC-RDP-149,node/7479937239,Pipalkoti SD Ground Hospital,HEALTHCARE,HEALTHCARE_HOSPITAL,False,True,TAG_HOSPITAL,hospital,,,,OpenStreetMap Contributors,2026-08-30,30.433455,79.430289,349257.99,3367863.43
FAC-RDP-150,node/7479937316,Swami Vivekanand Dharmarth Chikitsalay,HEALTHCARE,HEALTHCARE_HOSPITAL,False,True,TAG_HOSPITAL,hospital,,,,OpenStreetMap Contributors,2026-08-30,30.428429,79.42688,348922.85,3367310.84
FAC-RDP-151,node/9841478658,Swami vikenand charitable hospital,HEALTHCARE,HEALTHCARE_HOSPITAL,False,True,TAG_HOSPITAL,hospital,hospital,,,OpenStreetMap Contributors,2026-08-30,30.724545,79.069863,315193.12,3400665.98
FAC-RDP-152,node/7479937224,Trauma Centre,HEALTHCARE,HEALTHCARE_HOSPITAL,False,True,TAG_HOSPITAL,hospital,,,,OpenStreetMap Contributors,2026-08-30,30.263264,79.215166,328299.33,3349305.85
FAC-RDP-153,node/7127949313,APHC Gaucher,HEALTHCARE,HEALTHCARE_PHC,False,True,HEURISTIC_NAME_PHC,,centre,,,OpenStreetMap Contributors,2026-08-30,30.296239,79.14785,321881.97,3353064.38
FAC-RDP-154,node/7121752333,APHC Pipalkhoti,HEALTHCARE,HEALTHCARE_PHC,False,True,HEURISTIC_NAME_PHC,,centre,,,OpenStreetMap Contributors,2026-08-30,30.433181,79.432504,349470.31,3367830.1
FAC-RDP-155,node/7127949306,Khirsu PHC,HEALTHCARE,HEALTHCARE_PHC,False,True,HEURISTIC_NAME_PHC,,centre,,,OpenStreetMap Contributors,2026-08-30,30.172205,78.867954,294701.44,3339787.66
FAC-RDP-156,node/7127949296,PHC Chopta,HEALTHCARE,HEALTHCARE_PHC,False,True,HEURISTIC_NAME_PHC,,centre,,,OpenStreetMap Contributors,2026-08-30,30.351644,79.041267,311736.25,3359377.93
FAC-RDP-157,node/7121752358,PHC Ghat,HEALTHCARE,HEALTHCARE_PHC,False,True,HEURISTIC_NAME_PHC,,centre,,,OpenStreetMap Contributors,2026-08-30,30.257154,79.448044,350695.8,3348299.7
FAC-RDP-158,node/7127949341,PHC Narayanbagar,HEALTHCARE,HEALTHCARE_PHC,False,True,HEURISTIC_NAME_PHC,,centre,,,OpenStreetMap Contributors,2026-08-30,30.146693,79.374272,343422.94,3336156.15
FAC-RDP-159,way/1360701751,PRIMARY HEALTH CENTRE,HEALTHCARE,HEALTHCARE_PHC,False,True,HEURISTIC_NAME_PHC,,yes,,,OpenStreetMap Contributors,2026-08-30,30.404149,79.332762,339843.21,3364749.26
FAC-RDP-160,node/8256503387,"Primary Health Centre, Bhiri",HEALTHCARE,HEALTHCARE_PHC,False,True,HEURISTIC_NAME_PHC,,centre,,,OpenStreetMap Contributors,2026-08-30,30.466085,79.077382,315423.67,3372003.77
FAC-RDP-161,node/8256783746,"Primary Health Centre, Guptkashi",HEALTHCARE,HEALTHCARE_PHC,False,True,HEURISTIC_NAME_PHC,,centre,,,OpenStreetMap Contributors,2026-08-30,30.528423,79.082263,316009.7,3378905.68
FAC-RDP-162,node/7486360438,"Primary Health Centre, Mundoli",HEALTHCARE,HEALTHCARE_PHC,False,True,HEURISTIC_NAME_PHC,,centre,,,OpenStreetMap Contributors,2026-08-30,30.217657,78.916289,299448.96,3344739.84
FAC-RDP-163,node/8256625320,"Primary Health Centre, Nagrasu",HEALTHCARE,HEALTHCARE_PHC,False,True,HEURISTIC_NAME_PHC,,centre,,,OpenStreetMap Contributors,2026-08-30,30.299373,79.10494,317760.51,3353479.87
FAC-RDP-164,node/7127949322,Ukhimath Primary Health Centre,HEALTHCARE,HEALTHCARE_PHC,False,True,HEURISTIC_NAME_PHC,,centre,,,OpenStreetMap Contributors,2026-08-30,30.518916,79.094252,317142.35,3377832.41
FAC-RDP-165,node/8266044486,"SubCentre, Acharikhunt",HEALTHCARE,HEALTHCARE_SUBCENTRE,False,False,HEURISTIC_NAME_SUBCENTRE,,centre,,,OpenStreetMap Contributors,2026-08-30,30.326594,78.81813,290231.09,3356992.83
FAC-RDP-166,node/8269213451,"SubCentre, Akhori",HEALTHCARE,HEALTHCARE_SUBCENTRE,False,False,HEURISTIC_NAME_SUBCENTRE,,centre,,,OpenStreetMap Contributors,2026-08-30,30.450093,78.756627,284587.93,3370798.94
FAC-RDP-167,node/8241886265,"SubCentre, Badeth",HEALTHCARE,HEALTHCARE_SUBCENTRE,False,False,HEURISTIC_NAME_SUBCENTRE,,centre,,,OpenStreetMap Contributors,2026-08-30,30.122113,79.046748,311826.23,3333926.63
FAC-RDP-168,node/8266139903,"SubCentre, Badiyargarh",HEALTHCARE,HEALTHCARE_SUBCENTRE,False,False,HEURISTIC_NAME_SUBCENTRE,,centre,,,OpenStreetMap Contributors,2026-08-30,30.288094,78.83278,291558.47,3352698.07
FAC-RDP-169,node/8256582668,"SubCentre, Bainoli",HEALTHCARE,HEALTHCARE_SUBCENTRE,False,False,HEURISTIC_NAME_SUBCENTRE,,centre,,,OpenStreetMap Contributors,2026-08-30,30.359952,78.916216,299731.34,3360513.2
FAC-RDP-170,node/8256575739,"SubCentre, Bakseer",HEALTHCARE,HEALTHCARE_SUBCENTRE,False,False,HEURISTIC_NAME_SUBCENTRE,,centre,,,OpenStreetMap Contributors,2026-08-30,30.484626,78.979333,306045.55,3374223.35
FAC-RDP-171,node/8229787470,"SubCentre, Bamoth",HEALTHCARE,HEALTHCARE_SUBCENTRE,False,False,HEURISTIC_NAME_SUBCENTRE,,centre,,,OpenStreetMap Contributors,2026-08-30,30.277783,79.173724,324337.8,3350978.39
FAC-RDP-172,node/8256457932,"SubCentre, Barsuri",HEALTHCARE,HEALTHCARE_SUBCENTRE,False,False,HEURISTIC_NAME_SUBCENTRE,,centre,,,OpenStreetMap Contributors,2026-08-30,30.211768,78.96278,303912.82,3344006.0
FAC-RDP-173,node/8230470962,"SubCentre, Bartoli",HEALTHCARE,HEALTHCARE_SUBCENTRE,False,False,HEURISTIC_NAME_SUBCENTRE,,centre,,,OpenStreetMap Contributors,2026-08-30,30.172294,79.027203,310039.09,3339521.28
FAC-RDP-174,node/8239030435,"SubCentre, Bishald",HEALTHCARE,HEALTHCARE_SUBCENTRE,False,False,HEURISTIC_NAME_SUBCENTRE,,centre,,,OpenStreetMap Contributors,2026-08-30,30.111784,78.878243,295567.86,3333071.55
FAC-RDP-175,node/8256979781,"SubCentre, Budna",HEALTHCARE,HEALTHCARE_SUBCENTRE,False,False,HEURISTIC_NAME_SUBCENTRE,,centre,,,OpenStreetMap Contributors,2026-08-30,30.400113,78.880183,296350.9,3365029.44
FAC-RDP-176,node/8242000311,"SubCentre, Bughani",HEALTHCARE,HEALTHCARE_SUBCENTRE,False,False,HEURISTIC_NAME_SUBCENTRE,,centre,,,OpenStreetMap Contributors,2026-08-30,30.211733,78.854575,293495.38,3344193.55
FAC-RDP-177,node/8269086234,"SubCentre, Chaji Malli",HEALTHCARE,HEALTHCARE_SUBCENTRE,False,False,HEURISTIC_NAME_SUBCENTRE,,centre,,,OpenStreetMap Contributors,2026-08-30,30.428262,78.780864,286868.26,3368332.88
FAC-RDP-178,node/8237346706,"SubCentre, Chakisain",HEALTHCARE,HEALTHCARE_SUBCENTRE,False,False,HEURISTIC_NAME_SUBCENTRE,,centre,,,OpenStreetMap Contributors,2026-08-30,30.148861,78.990204,306429.99,3336986.1
FAC-RDP-179,node/8230091902,"SubCentre, Chamoli Gopeshwar",HEALTHCARE,HEALTHCARE_SUBCENTRE,False,False,HEURISTIC_NAME_SUBCENTRE,,centre,,,OpenStreetMap Contributors,2026-08-30,30.40359,79.328306,339414.17,3364693.56
FAC-RDP-180,node/8239089598,"SubCentre, Chatkot",HEALTHCARE,HEALTHCARE_SUBCENTRE,False,False,HEURISTIC_NAME_SUBCENTRE,,centre,,,OpenStreetMap Contributors,2026-08-30,30.18398,78.774225,285699.39,3341265.61
FAC-RDP-181,node/8256636359,"SubCentre, Chaunra",HEALTHCARE,HEALTHCARE_SUBCENTRE,False,False,HEURISTIC_NAME_SUBCENTRE,,centre,,,OpenStreetMap Contributors,2026-08-30,30.41189,78.901662,298439.0,3366296.42
FAC-RDP-182,node/8227174035,"SubCentre, Chhinka",HEALTHCARE,HEALTHCARE_SUBCENTRE,False,False,HEURISTIC_NAME_SUBCENTRE,,centre,,,OpenStreetMap Contributors,2026-08-30,30.416441,79.364276,342890.6,3366067.42
FAC-RDP-183,node/8269642301,"SubCentre, Chileri",HEALTHCARE,HEALTHCARE_SUBCENTRE,False,False,HEURISTIC_NAME_SUBCENTRE,,centre,,,OpenStreetMap Contributors,2026-08-30,30.308025,78.84262,292547.05,3354889.34
FAC-RDP-184,node/8229961855,"SubCentre, Chopata",HEALTHCARE,HEALTHCARE_SUBCENTRE,False,False,HEURISTIC_NAME_SUBCENTRE,,centre,,,OpenStreetMap Contributors,2026-08-30,30.182526,79.378374,343874.53,3340122.0
FAC-RDP-185,node/8256562013,"SubCentre, Chopda",HEALTHCARE,HEALTHCARE_SUBCENTRE,False,False,HEURISTIC_NAME_SUBCENTRE,,centre,,,OpenStreetMap Contributors,2026-08-30,30.324038,79.055756,313076.69,3356293.92
FAC-RDP-186,node/8256599059,"SubCentre, Chopda",HEALTHCARE,HEALTHCARE_SUBCENTRE,False,False,HEURISTIC_NAME_SUBCENTRE,,centre,,,OpenStreetMap Contributors,2026-08-30,30.321506,79.059352,313417.62,3356007.37
FAC-RDP-187,node/8239071897,"SubCentre, Chopriyonand",HEALTHCARE,HEALTHCARE_SUBCENTRE,False,False,HEURISTIC_NAME_SUBCENTRE,,centre,,,OpenStreetMap Contributors,2026-08-30,30.11826,78.853461,293192.98,3333834.12
FAC-RDP-188,node/8230269835,"SubCentre, Chorda",HEALTHCARE,HEALTHCARE_SUBCENTRE,False,False,HEURISTIC_NAME_SUBCENTRE,,centre,,,OpenStreetMap Contributors,2026-08-30,30.10899,79.250773,331462.67,3332153.25
FAC-RDP-189,node/8256600382,"SubCentre, Daira",HEALTHCARE,HEALTHCARE_SUBCENTRE,False,False,HEURISTIC_NAME_SUBCENTRE,,centre,,,OpenStreetMap Contributors,2026-08-30,30.509913,79.161133,323544.5,3376727.92
FAC-RDP-190,node/8268819993,"SubCentre, Dang Sera",HEALTHCARE,HEALTHCARE_SUBCENTRE,False,False,HEURISTIC_NAME_SUBCENTRE,,centre,,,OpenStreetMap Contributors,2026-08-30,30.455034,78.740166,283017.94,3371378.18
FAC-RDP-191,node/8257093764,"SubCentre, Dashjula Kandai",HEALTHCARE,HEALTHCARE_SUBCENTRE,False,False,HEURISTIC_NAME_SUBCENTRE,,centre,,,OpenStreetMap Contributors,2026-08-30,30.336174,79.115347,318829.24,3357542.35
FAC-RDP-192,node/8265819185,"SubCentre, Dhopaddhar",HEALTHCARE,HEALTHCARE_SUBCENTRE,False,False,HEURISTIC_NAME_SUBCENTRE,,centre,,,OpenStreetMap Contributors,2026-08-30,30.519823,78.751944,284292.11,3378537.95
FAC-RDP-193,node/8230508558,"SubCentre, Dhumak",HEALTHCARE,HEALTHCARE_SUBCENTRE,False,False,HEURISTIC_NAME_SUBCENTRE,,centre,,,OpenStreetMap Contributors,2026-08-30,30.507885,79.383642,344895.9,3376176.13
FAC-RDP-194,node/8227178684,"SubCentre, Dungri",HEALTHCARE,HEALTHCARE_SUBCENTRE,False,False,HEURISTIC_NAME_SUBCENTRE,,centre,,,OpenStreetMap Contributors,2026-08-30,30.167814,79.396037,345552.36,3338467.36
FAC-RDP-195,node/8256603940,"SubCentre, Durgadhar",HEALTHCARE,HEALTHCARE_SUBCENTRE,False,False,HEURISTIC_NAME_SUBCENTRE,,centre,,,OpenStreetMap Contributors,2026-08-30,30.348966,79.02785,310441.25,3359103.38
FAC-RDP-196,node/8229529947,"SubCentre, Gadora",HEALTHCARE,HEALTHCARE_SUBCENTRE,False,False,HEURISTIC_NAME_SUBCENTRE,,centre,,,OpenStreetMap Contributors,2026-08-30,30.420962,79.440816,350250.01,3366464.72
FAC-RDP-197,node/8269159359,"SubCentre, Gangi",HEALTHCARE,HEALTHCARE_SUBCENTRE,False,False,HEURISTIC_NAME_SUBCENTRE,,centre,,,OpenStreetMap Contributors,2026-08-30,30.635844,78.851757,294117.15,3391212.82
FAC-RDP-198,node/8256561700,"SubCentre, Ghimtoli",HEALTHCARE,HEALTHCARE_SUBCENTRE,False,False,HEURISTIC_NAME_SUBCENTRE,,centre,,,OpenStreetMap Contributors,2026-08-30,30.352189,79.091511,316567.32,3359355.85
FAC-RDP-199,node/8237294535,"SubCentre, Ghunna",HEALTHCARE,HEALTHCARE_SUBCENTRE,False,False,HEURISTIC_NAME_SUBCENTRE,,centre,,,OpenStreetMap Contributors,2026-08-30,30.12564,78.907227,298389.23,3334555.9
FAC-RDP-200,node/8266533849,"SubCentre, Ghuttu",HEALTHCARE,HEALTHCARE_SUBCENTRE,False,False,HEURISTIC_NAME_SUBCENTRE,,centre,,,OpenStreetMap Contributors,2026-08-30,30.528854,78.78946,287912.4,3379467.96
FAC-RDP-201,node/8239427589,"SubCentre, Girgaon",HEALTHCARE,HEALTHCARE_SUBCENTRE,False,False,HEURISTIC_NAME_SUBCENTRE,,centre,,,OpenStreetMap Contributors,2026-08-30,30.201869,78.748264,283238.42,3343297.82
FAC-RDP-202,node/8227112833,"SubCentre, Haapla",HEALTHCARE,HEALTHCARE_SUBCENTRE,False,False,HEURISTIC_NAME_SUBCENTRE,,centre,,,OpenStreetMap Contributors,2026-08-30,30.414552,79.20653,327733.65,3366087.75
FAC-RDP-203,node/8230358265,"SubCentre, Harmani",HEALTHCARE,HEALTHCARE_SUBCENTRE,False,False,HEURISTIC_NAME_SUBCENTRE,,centre,,,OpenStreetMap Contributors,2026-08-30,30.382673,79.341267,340625.46,3362356.81
FAC-RDP-204,node/8269033622,"SubCentre, Hulanakhal",HEALTHCARE,HEALTHCARE_SUBCENTRE,False,False,HEURISTIC_NAME_SUBCENTRE,,centre,,,OpenStreetMap Contributors,2026-08-30,30.411322,78.764138,285224.39,3366486.56
FAC-RDP-205,node/8256449301,"SubCentre, Jaggi Bagwan",HEALTHCARE,HEALTHCARE_SUBCENTRE,False,False,HEURISTIC_NAME_SUBCENTRE,,centre,,,OpenStreetMap Contributors,2026-08-30,30.538378,79.108563,318551.96,3379966.61
FAC-RDP-206,node/8230346740,"SubCentre, Jainta",HEALTHCARE,HEALTHCARE_SUBCENTRE,False,False,HEURISTIC_NAME_SUBCENTRE,,centre,,,OpenStreetMap Contributors,2026-08-30,30.175571,79.286687,335034.29,3339480.36
FAC-RDP-207,node/8239219304,"SubCentre, Jakh",HEALTHCARE,HEALTHCARE_SUBCENTRE,False,False,HEURISTIC_NAME_SUBCENTRE,,centre,,,OpenStreetMap Contributors,2026-08-30,30.175442,78.826134,290680.43,3340222.61
FAC-RDP-208,node/8269672546,"SubCentre, Jakh",HEALTHCARE,HEALTHCARE_SUBCENTRE,False,False,HEURISTIC_NAME_SUBCENTRE,,centre,,,OpenStreetMap Contributors,2026-08-30,30.438592,78.727156,281731.74,3369580.44
FAC-RDP-209,node/8256442382,"SubCentre, Jasoli",HEALTHCARE,HEALTHCARE_SUBCENTRE,False,False,HEURISTIC_NAME_SUBCENTRE,,centre,,,OpenStreetMap Contributors,2026-08-30,30.261175,79.083326,315610.14,3349280.85
FAC-RDP-210,node/8230257657,"SubCentre, Jasyara",HEALTHCARE,HEALTHCARE_SUBCENTRE,False,False,HEURISTIC_NAME_SUBCENTRE,,centre,,,OpenStreetMap Contributors,2026-08-30,30.223198,79.310652,337420.44,3344724.64
FAC-RDP-211,node/8256520558,"SubCentre, Jawari",HEALTHCARE,HEALTHCARE_SUBCENTRE,False,False,HEURISTIC_NAME_SUBCENTRE,,centre,,,OpenStreetMap Contributors,2026-08-30,30.306232,78.987781,306505.08,3354434.16
FAC-RDP-212,node/8218190323,"SubCentre, Jourasi",HEALTHCARE,HEALTHCARE_SUBCENTRE,False,False,HEURISTIC_NAME_SUBCENTRE,,centre,,,OpenStreetMap Contributors,2026-08-30,30.386719,79.204172,327458.11,3363006.28
FAC-RDP-213,node/8269768893,"SubCentre, Jyundana",HEALTHCARE,HEALTHCARE_SUBCENTRE,False,False,HEURISTIC_NAME_SUBCENTRE,,centre,,,OpenStreetMap Contributors,2026-08-30,30.470811,78.702404,279426.74,3373200.37
FAC-RDP-214,node/8213504961,"SubCentre, Kalimath",HEALTHCARE,HEALTHCARE_SUBCENTRE,False,False,HEURISTIC_NAME_SUBCENTRE,,centre,,,OpenStreetMap Contributors,2026-08-30,30.560343,79.085986,316427.03,3382437.86
FAC-RDP-215,node/8238973910,"SubCentre, Kalyasaur",HEALTHCARE,HEALTHCARE_SUBCENTRE,False,False,HEURISTIC_NAME_SUBCENTRE,,centre,,,OpenStreetMap Contributors,2026-08-30,30.256979,78.879103,295950.38,3349164.83
FAC-RDP-216,node/8229768263,"SubCentre, Kanda Maikhura",HEALTHCARE,HEALTHCARE_SUBCENTRE,False,False,HEURISTIC_NAME_SUBCENTRE,,centre,,,OpenStreetMap Contributors,2026-08-30,30.267452,79.271592,333735.35,3349686.12
FAC-RDP-217,node/8257223209,"SubCentre, Kandai",HEALTHCARE,HEALTHCARE_SUBCENTRE,False,False,HEURISTIC_NAME_SUBCENTRE,,centre,,,OpenStreetMap Contributors,2026-08-30,30.219504,78.960926,303749.71,3344866.7
FAC-RDP-218,node/8256749550,"SubCentre, Kandali",HEALTHCARE,HEALTHCARE_SUBCENTRE,False,False,HEURISTIC_NAME_SUBCENTRE,,centre,,,OpenStreetMap Contributors,2026-08-30,30.376027,78.969379,304873.77,3362202.33
FAC-RDP-219,node/8227259914,"SubCentre, Kandara",HEALTHCARE,HEALTHCARE_SUBCENTRE,False,False,HEURISTIC_NAME_SUBCENTRE,,centre,,,OpenStreetMap Contributors,2026-08-30,30.283453,79.329957,339376.7,3351375.56
FAC-RDP-220,node/8256825940,"SubCentre, Kandara",HEALTHCARE,HEALTHCARE_SUBCENTRE,False,False,HEURISTIC_NAME_SUBCENTRE,,centre,,,OpenStreetMap Contributors,2026-08-30,30.438089,79.083801,315987.37,3368890.04
FAC-RDP-221,node/8229543307,"SubCentre, Kankhul Malla",HEALTHCARE,HEALTHCARE_SUBCENTRE,False,False,HEURISTIC_NAME_SUBCENTRE,,centre,,,OpenStreetMap Contributors,2026-08-30,30.255745,79.265283,333108.57,3348397.74
FAC-RDP-222,node/8239189598,"SubCentre, Kanskhet",HEALTHCARE,HEALTHCARE_SUBCENTRE,False,False,HEURISTIC_NAME_SUBCENTRE,,centre,,,OpenStreetMap Contributors,2026-08-30,30.198369,78.78272,286548.59,3342844.65
FAC-RDP-223,node/8230311594,"SubCentre, Kansuwa",HEALTHCARE,HEALTHCARE_SUBCENTRE,False,False,HEURISTIC_NAME_SUBCENTRE,,centre,,,OpenStreetMap Contributors,2026-08-30,30.170029,79.205745,327229.96,3338986.07
FAC-RDP-224,node/8237165329,"SubCentre, Kewars",HEALTHCARE,HEALTHCARE_SUBCENTRE,False,False,HEURISTIC_NAME_SUBCENTRE,,centre,,,OpenStreetMap Contributors,2026-08-30,30.113097,78.773408,285467.3,3333409.62
FAC-RDP-225,node/8256641969,"SubCentre, Khankra",HEALTHCARE,HEALTHCARE_SUBCENTRE,False,False,HEURISTIC_NAME_SUBCENTRE,,centre,,,OpenStreetMap Contributors,2026-08-30,30.244543,78.917648,299634.27,3347717.66
FAC-RDP-226,node/8268859490,"SubCentre, Khola",HEALTHCARE,HEALTHCARE_SUBCENTRE,False,False,HEURISTIC_NAME_SUBCENTRE,,centre,,,OpenStreetMap Contributors,2026-08-30,30.313549,78.847987,293074.82,3355491.9
FAC-RDP-227,node/8230084884,"SubCentre, Kimana",HEALTHCARE,HEALTHCARE_SUBCENTRE,False,False,HEURISTIC_NAME_SUBCENTRE,,centre,,,OpenStreetMap Contributors,2026-08-30,30.497972,79.452121,351452.76,3374985.23
FAC-RDP-228,node/8269534181,"SubCentre, Kirtinagar",HEALTHCARE,HEALTHCARE_SUBCENTRE,False,False,HEURISTIC_NAME_SUBCENTRE,,centre,,,OpenStreetMap Contributors,2026-08-30,30.231203,78.724882,281051.97,3346594.44
FAC-RDP-229,node/8256951727,"SubCentre, Kothgi",HEALTHCARE,HEALTHCARE_SUBCENTRE,False,False,HEURISTIC_NAME_SUBCENTRE,,centre,,,OpenStreetMap Contributors,2026-08-30,30.302377,79.087817,316119.15,3353840.57
FAC-RDP-230,node/8256783723,"SubCentre, Kurjhan",HEALTHCARE,HEALTHCARE_SUBCENTRE,False,False,HEURISTIC_NAME_SUBCENTRE,,centre,,,OpenStreetMap Contributors,2026-08-30,30.32224,79.072446,314678.16,3356067.25
FAC-RDP-231,node/8227273394,"SubCentre, Langasu",HEALTHCARE,HEALTHCARE_SUBCENTRE,False,False,HEURISTIC_NAME_SUBCENTRE,,centre,,,OpenStreetMap Contributors,2026-08-30,30.289138,79.288431,335391.64,3352065.16
FAC-RDP-232,node/8227211796,"SubCentre, Langsi",HEALTHCARE,HEALTHCARE_SUBCENTRE,False,False,HEURISTIC_NAME_SUBCENTRE,,centre,,,OpenStreetMap Contributors,2026-08-30,30.492063,79.478909,354015.08,3374295.37
FAC-RDP-233,node/8239165426,"SubCentre, Lawali",HEALTHCARE,HEALTHCARE_SUBCENTRE,False,False,HEURISTIC_NAME_SUBCENTRE,,centre,,,OpenStreetMap Contributors,2026-08-30,30.124722,78.724607,280789.72,3334791.01
FAC-RDP-234,node/8229993627,"SubCentre, Lwani",HEALTHCARE,HEALTHCARE_SUBCENTRE,False,False,HEURISTIC_NAME_SUBCENTRE,,centre,,,OpenStreetMap Contributors,2026-08-30,30.299247,79.471697,353034.3,3352934.09
FAC-RDP-235,node/8256836033,"SubCentre, Lwani",HEALTHCARE,HEALTHCARE_SUBCENTRE,False,False,HEURISTIC_NAME_SUBCENTRE,,centre,,,OpenStreetMap Contributors,2026-08-30,30.50093,79.070161,314796.29,3375878.02
FAC-RDP-236,node/8256652241,"SubCentre, Machkandi",HEALTHCARE,HEALTHCARE_SUBCENTRE,False,False,HEURISTIC_NAME_SUBCENTRE,,centre,,,OpenStreetMap Contributors,2026-08-30,30.41471,79.144455,321770.46,3366201.46
FAC-RDP-237,node/8256459800,"SubCentre, Maikoti",HEALTHCARE,HEALTHCARE_SUBCENTRE,False,False,HEURISTIC_NAME_SUBCENTRE,,centre,,,OpenStreetMap Contributors,2026-08-30,30.341065,78.99699,307459.01,3358279.62
FAC-RDP-238,node/8227110478,"SubCentre, Majothi",HEALTHCARE,HEALTHCARE_SUBCENTRE,False,False,HEURISTIC_NAME_SUBCENTRE,,centre,,,OpenStreetMap Contributors,2026-08-30,30.373543,79.351091,341554.79,3361331.12
FAC-RDP-239,node/8230310787,"SubCentre, Malai",HEALTHCARE,HEALTHCARE_SUBCENTRE,False,False,HEURISTIC_NAME_SUBCENTRE,,centre,,,OpenStreetMap Contributors,2026-08-30,30.200494,79.175342,324356.05,3342409.24
FAC-RDP-240,node/8227144425,"SubCentre, Malasi",HEALTHCARE,HEALTHCARE_SUBCENTRE,False,False,HEURISTIC_NAME_SUBCENTRE,,centre,,,OpenStreetMap Contributors,2026-08-30,30.12249,79.272798,333607.76,3333617.19
FAC-RDP-241,node/8256742077,"SubCentre, Malkoti",HEALTHCARE,HEALTHCARE_SUBCENTRE,False,False,HEURISTIC_NAME_SUBCENTRE,,centre,,,OpenStreetMap Contributors,2026-08-30,30.366576,79.132679,320551.17,3360884.68
FAC-RDP-242,node/8256775893,"SubCentre, Mansoona",HEALTHCARE,HEALTHCARE_SUBCENTRE,False,False,HEURISTIC_NAME_SUBCENTRE,,centre,,,OpenStreetMap Contributors,2026-08-30,30.547857,79.125419,320186.71,3380990.28
FAC-RDP-243,node/8239401953,"SubCentre, Maroda",HEALTHCARE,HEALTHCARE_SUBCENTRE,False,False,HEURISTIC_NAME_SUBCENTRE,,centre,,,OpenStreetMap Contributors,2026-08-30,30.141695,78.874403,295259.52,3336394.08
FAC-RDP-244,node/8256457985,"SubCentre, Mayali",HEALTHCARE,HEALTHCARE_SUBCENTRE,False,False,HEURISTIC_NAME_SUBCENTRE,,centre,,,OpenStreetMap Contributors,2026-08-30,30.378015,78.896479,297871.29,3362550.54
FAC-RDP-245,node/8219424171,"SubCentre, Miroli",HEALTHCARE,HEALTHCARE_SUBCENTRE,False,False,HEURISTIC_NAME_SUBCENTRE,,centre,,,OpenStreetMap Contributors,2026-08-30,30.162496,79.213901,328002.32,3338138.78
FAC-RDP-246,node/8229650778,"SubCentre, Mohankhal",HEALTHCARE,HEALTHCARE_SUBCENTRE,False,False,HEURISTIC_NAME_SUBCENTRE,,centre,,,OpenStreetMap Contributors,2026-08-30,30.376571,79.156036,322814.18,3361955.82
FAC-RDP-247,node/8266329067,"SubCentre, Moldhar",HEALTHCARE,HEALTHCARE_SUBCENTRE,False,False,HEURISTIC_NAME_SUBCENTRE,,centre,,,OpenStreetMap Contributors,2026-08-30,30.330704,78.811603,289612.28,3357460.52
FAC-RDP-248,node/8268895707,"SubCentre, Mundethi",HEALTHCARE,HEALTHCARE_SUBCENTRE,False,False,HEURISTIC_NAME_SUBCENTRE,,centre,,,OpenStreetMap Contributors,2026-08-30,30.449125,78.752038,284145.07,3370700.3
FAC-RDP-249,node/8229957119,"SubCentre, Naini",HEALTHCARE,HEALTHCARE_SUBCENTRE,False,False,HEURISTIC_NAME_SUBCENTRE,,centre,,,OpenStreetMap Contributors,2026-08-30,30.201069,79.212123,327898.16,3342416.82
FAC-RDP-250,node/8227234268,"SubCentre, Narainbagar",HEALTHCARE,HEALTHCARE_SUBCENTRE,False,False,HEURISTIC_NAME_SUBCENTRE,,centre,,,OpenStreetMap Contributors,2026-08-30,30.131251,79.387454,344668.47,3334426.6
FAC-RDP-251,node/8227315752,"SubCentre, Nauli",HEALTHCARE,HEALTHCARE_SUBCENTRE,False,False,HEURISTIC_NAME_SUBCENTRE,,centre,,,OpenStreetMap Contributors,2026-08-30,30.43381,79.222808,329330.93,3368197.61
FAC-RDP-252,node/8239631127,"SubCentre, Nisni",HEALTHCARE,HEALTHCARE_SUBCENTRE,False,False,HEURISTIC_NAME_SUBCENTRE,,centre,,,OpenStreetMap Contributors,2026-08-30,30.115121,78.800181,288051.8,3333583.86
FAC-RDP-253,node/8269011319,"SubCentre, Nyuli",HEALTHCARE,HEALTHCARE_SUBCENTRE,False,False,HEURISTIC_NAME_SUBCENTRE,,centre,,,OpenStreetMap Contributors,2026-08-30,30.310633,78.703365,279158.74,3355441.32
FAC-RDP-254,node/8265916862,"SubCentre, Oda Gar",HEALTHCARE,HEALTHCARE_SUBCENTRE,False,False,HEURISTIC_NAME_SUBCENTRE,,centre,,,OpenStreetMap Contributors,2026-08-30,30.118204,78.941288,301656.42,3333671.99
FAC-RDP-255,node/8227212831,"SubCentre, Pagana",HEALTHCARE,HEALTHCARE_SUBCENTRE,False,False,HEURISTIC_NAME_SUBCENTRE,,centre,,,OpenStreetMap Contributors,2026-08-30,30.317038,79.428124,348871.05,3354963.2
FAC-RDP-256,node/8269155231,"SubCentre, Paindula",HEALTHCARE,HEALTHCARE_SUBCENTRE,False,False,HEURISTIC_NAME_SUBCENTRE,,centre,,,OpenStreetMap Contributors,2026-08-30,30.292484,78.708405,279602.86,3353419.61
FAC-RDP-257,node/8256757392,"SubCentre, Paldwari",HEALTHCARE,HEALTHCARE_SUBCENTRE,False,False,HEURISTIC_NAME_SUBCENTRE,,centre,,,OpenStreetMap Contributors,2026-08-30,30.480321,79.130829,320581.74,3373495.54
FAC-RDP-258,node/8265895938,"SubCentre, Pali",HEALTHCARE,HEALTHCARE_SUBCENTRE,False,False,HEURISTIC_NAME_SUBCENTRE,,centre,,,OpenStreetMap Contributors,2026-08-30,30.253279,78.728394,281438.93,3349034.91
FAC-RDP-259,node/8256482823,"SubCentre, Parkandi",HEALTHCARE,HEALTHCARE_SUBCENTRE,False,False,HEURISTIC_NAME_SUBCENTRE,,centre,,,OpenStreetMap Contributors,2026-08-30,30.483693,79.093017,316957.89,3373930.0
FAC-RDP-260,node/8239412819,"SubCentre, Pokhri",HEALTHCARE,HEALTHCARE_SUBCENTRE,False,False,HEURISTIC_NAME_SUBCENTRE,,centre,,,OpenStreetMap Contributors,2026-08-30,30.205621,78.881688,296093.07,3343467.09
FAC-RDP-261,node/8229999383,"SubCentre, Pungaon",HEALTHCARE,HEALTHCARE_SUBCENTRE,False,False,HEURISTIC_NAME_SUBCENTRE,,centre,,,OpenStreetMap Contributors,2026-08-30,30.192795,79.132169,320185.44,3341623.29
FAC-RDP-262,node/8256630785,"SubCentre, Rampur",HEALTHCARE,HEALTHCARE_SUBCENTRE,False,False,HEURISTIC_NAME_SUBCENTRE,,centre,,,OpenStreetMap Contributors,2026-08-30,30.618062,79.009981,309249.19,3388962.46
FAC-RDP-263,node/8256535899,"SubCentre, Randhar",HEALTHCARE,HEALTHCARE_SUBCENTRE,False,False,HEURISTIC_NAME_SUBCENTRE,,centre,,,OpenStreetMap Contributors,2026-08-30,30.468941,78.912226,299570.75,3372601.86
FAC-RDP-264,node/8257014622,"SubCentre, Ransi",HEALTHCARE,HEALTHCARE_SUBCENTRE,False,False,HEURISTIC_NAME_SUBCENTRE,,centre,,,OpenStreetMap Contributors,2026-08-30,30.587921,79.142007,321851.4,3385404.9
FAC-RDP-265,node/8230171625,"SubCentre, Saikot",HEALTHCARE,HEALTHCARE_SUBCENTRE,False,False,HEURISTIC_NAME_SUBCENTRE,,centre,,,OpenStreetMap Contributors,2026-08-30,30.366861,79.303015,336923.35,3360658.75
FAC-RDP-266,node/8229550825,"SubCentre, Sainj",HEALTHCARE,HEALTHCARE_SUBCENTRE,False,False,HEURISTIC_NAME_SUBCENTRE,,centre,,,OpenStreetMap Contributors,2026-08-30,30.209787,79.354312,341601.32,3343176.59
FAC-RDP-267,node/8230484275,"SubCentre, Salna",HEALTHCARE,HEALTHCARE_SUBCENTRE,False,False,HEURISTIC_NAME_SUBCENTRE,,centre,,,OpenStreetMap Contributors,2026-08-30,30.385261,79.189047,326002.16,3362867.82
FAC-RDP-268,node/8242043207,"SubCentre, Sarna",HEALTHCARE,HEALTHCARE_SUBCENTRE,False,False,HEURISTIC_NAME_SUBCENTRE,,centre,,,OpenStreetMap Contributors,2026-08-30,30.137603,78.843353,292259.41,3335996.61
FAC-RDP-269,node/8256599483,"SubCentre, Saterakhal",HEALTHCARE,HEALTHCARE_SUBCENTRE,False,False,HEURISTIC_NAME_SUBCENTRE,,centre,,,OpenStreetMap Contributors,2026-08-30,30.32231,79.002253,307928.36,3356191.74
FAC-RDP-270,node/8256825575,"SubCentre, Saunda",HEALTHCARE,HEALTHCARE_SUBCENTRE,False,False,HEURISTIC_NAME_SUBCENTRE,,centre,,,OpenStreetMap Contributors,2026-08-30,30.346019,78.915956,299677.93,3358969.25
FAC-RDP-271,node/8256980720,"SubCentre, Saura",HEALTHCARE,HEALTHCARE_SUBCENTRE,False,False,HEURISTIC_NAME_SUBCENTRE,,centre,,,OpenStreetMap Contributors,2026-08-30,30.312709,78.922156,300206.37,3355265.83
FAC-RDP-272,node/8229932386,"SubCentre, Sema",HEALTHCARE,HEALTHCARE_SUBCENTRE,False,False,HEURISTIC_NAME_SUBCENTRE,,centre,,,OpenStreetMap Contributors,2026-08-30,30.317493,79.388937,345103.62,3355066.44
FAC-RDP-273,node/8256562956,"SubCentre, Semalta",HEALTHCARE,HEALTHCARE_SUBCENTRE,False,False,HEURISTIC_NAME_SUBCENTRE,,centre,,,OpenStreetMap Contributors,2026-08-30,30.322564,78.94611,302529.92,3356316.32
FAC-RDP-274,node/8257037593,"SubCentre, Sidhsaur",HEALTHCARE,HEALTHCARE_SUBCENTRE,False,False,HEURISTIC_NAME_SUBCENTRE,,centre,,,OpenStreetMap Contributors,2026-08-30,30.398471,78.963054,304310.64,3364701.12
FAC-RDP-275,node/8269551366,"SubCentre, Silkakhal",HEALTHCARE,HEALTHCARE_SUBCENTRE,False,False,HEURISTIC_NAME_SUBCENTRE,,centre,,,OpenStreetMap Contributors,2026-08-30,30.27719,78.786559,287088.26,3351575.09
FAC-RDP-276,node/8229532674,"SubCentre, Simli",HEALTHCARE,HEALTHCARE_SUBCENTRE,False,False,HEURISTIC_NAME_SUBCENTRE,,centre,,,OpenStreetMap Contributors,2026-08-30,30.229238,79.257892,332352.42,3345470.62
FAC-RDP-277,node/8227139103,"SubCentre, Siran",HEALTHCARE,HEALTHCARE_SUBCENTRE,False,False,HEURISTIC_NAME_SUBCENTRE,,centre,,,OpenStreetMap Contributors,2026-08-30,30.26203,79.180399,324952.04,3349222.1
FAC-RDP-278,node/8229953736,"SubCentre, Sonla",HEALTHCARE,HEALTHCARE_SUBCENTRE,False,False,HEURISTIC_NAME_SUBCENTRE,,centre,,,OpenStreetMap Contributors,2026-08-30,30.376691,79.290202,335708.29,3361766.84
FAC-RDP-279,node/8241996946,"SubCentre, Sumari",HEALTHCARE,HEALTHCARE_SUBCENTRE,False,False,HEURISTIC_NAME_SUBCENTRE,,centre,,,OpenStreetMap Contributors,2026-08-30,30.20161,78.814635,289628.59,3343144.49
FAC-RDP-280,node/8256783737,"SubCentre, Sumari Bhardar",HEALTHCARE,HEALTHCARE_SUBCENTRE,False,False,HEURISTIC_NAME_SUBCENTRE,,centre,,,OpenStreetMap Contributors,2026-08-30,30.347639,78.971455,305016.98,3359052.01
FAC-RDP-281,node/8256637551,"SubCentre, Syur",HEALTHCARE,HEALTHCARE_SUBCENTRE,False,False,HEURISTIC_NAME_SUBCENTRE,,centre,,,OpenStreetMap Contributors,2026-08-30,30.446132,79.001855,308132.29,3369917.85
FAC-RDP-282,node/8230207932,"SubCentre, Thirpak",HEALTHCARE,HEALTHCARE_SUBCENTRE,False,False,HEURISTIC_NAME_SUBCENTRE,,centre,,,OpenStreetMap Contributors,2026-08-30,30.301078,79.36347,342628.48,3353282.13
FAC-RDP-283,node/8257087883,"SubCentre, Tilwara",HEALTHCARE,HEALTHCARE_SUBCENTRE,False,False,HEURISTIC_NAME_SUBCENTRE,,centre,,,OpenStreetMap Contributors,2026-08-30,30.344628,78.976175,305464.81,3358710.11
FAC-RDP-284,node/8256526597,"SubCentre, Timali",HEALTHCARE,HEALTHCARE_SUBCENTRE,False,False,HEURISTIC_NAME_SUBCENTRE,,centre,,,OpenStreetMap Contributors,2026-08-30,30.331938,78.915829,299637.03,3357408.52
FAC-RDP-285,node/8227286511,"SubCentre, Tirosi",HEALTHCARE,HEALTHCARE_SUBCENTRE,False,False,HEURISTIC_NAME_SUBCENTRE,,centre,,,OpenStreetMap Contributors,2026-08-30,30.476763,79.463917,352553.05,3372619.13
FAC-RDP-286,node/8256487878,"SubCentre, Tulanga",HEALTHCARE,HEALTHCARE_SUBCENTRE,False,False,HEURISTIC_NAME_SUBCENTRE,,centre,,,OpenStreetMap Contributors,2026-08-30,30.505687,79.043802,312275.32,3376448.89
FAC-RDP-287,node/8256746690,"SubCentre, Tuneta",HEALTHCARE,HEALTHCARE_SUBCENTRE,False,False,HEURISTIC_NAME_SUBCENTRE,,centre,,,OpenStreetMap Contributors,2026-08-30,30.363118,78.929315,300996.98,3360841.08
FAC-RDP-288,node/8257007897,"SubCentre, Uchola",HEALTHCARE,HEALTHCARE_SUBCENTRE,False,False,HEURISTIC_NAME_SUBCENTRE,,centre,,,OpenStreetMap Contributors,2026-08-30,30.470689,79.010039,308966.29,3372626.04
FAC-RDP-289,node/8227368692,"SubCentre, Udamanda",HEALTHCARE,HEALTHCARE_SUBCENTRE,False,False,HEURISTIC_NAME_SUBCENTRE,,centre,,,OpenStreetMap Contributors,2026-08-30,30.321574,79.195245,326485.3,3355799.2
FAC-RDP-290,node/8230172832,"SubCentre, Umatta",HEALTHCARE,HEALTHCARE_SUBCENTRE,False,False,HEURISTIC_NAME_SUBCENTRE,,centre,,,OpenStreetMap Contributors,2026-08-30,30.273665,79.254155,332068.31,3350400.32
FAC-RDP-291,node/8229657396,"SubCentre, Urgam",HEALTHCARE,HEALTHCARE_SUBCENTRE,False,False,HEURISTIC_NAME_SUBCENTRE,,centre,,,OpenStreetMap Contributors,2026-08-30,30.540814,79.455603,351852.07,3379729.11
